"0","dataset <- read.csv(""Dataset ready for summary.csv"")"
"0","summary(dataset)"
"1","                 X      "
"1"," African.Court.on.Human.and.Peoples..Rights"
"1"," Benelux.Court.of.Justice"
"1","
"
"1"," Afghanistan      :  1  "
"1"," Min.   :0.0000                            "
"1"," Min.   :0.00000         "
"1","
"
"1"," Albania          :  1  "
"1"," 1st Qu.:0.0000                            "
"1"," 1st Qu.:0.00000         "
"1","
"
"1"," Algeria          :  1  "
"1"," Median :0.0000                            "
"1"," Median :0.00000         "
"1","
"
"1"," Andorra          :  1  "
"1"," Mean   :0.1478                            "
"1"," Mean   :0.01478         "
"1","
"
"1"," Angola           :  1  "
"1"," 3rd Qu.:0.0000                            "
"1"," 3rd Qu.:0.00000         "
"1","
"
"1"," Antigua & Barbuda:  1  "
"1"," Max.   :1.0000                            "
"1"," Max.   :1.00000         "
"1","
"
"1"," (Other)          :197  "
"1","                                           "
"1","                         "
"1","
"
"1"," Caribbean.Court.of.Justice"
"1"," CEMAC.Court.of.Justice"
"1"," Central.American.Court.of.Justice"
"1","
"
"1"," Min.   :0.00000           "
"1"," Min.   :0.00000       "
"1"," Min.   :0.00000                  "
"1","
"
"1"," 1st Qu.:0.00000           "
"1"," 1st Qu.:0.00000       "
"1"," 1st Qu.:0.00000                  "
"1","
"
"1"," Median :0.00000           "
"1"," Median :0.00000       "
"1"," Median :0.00000                  "
"1","
"
"1"," Mean   :0.05911           "
"1"," Mean   :0.02463       "
"1"," Mean   :0.02956                  "
"1","
"
"1"," 3rd Qu.:0.00000           "
"1"," 3rd Qu.:0.00000       "
"1"," 3rd Qu.:0.00000                  "
"1","
"
"1"," Max.   :1.00000           "
"1"," Max.   :1.00000       "
"1"," Max.   :1.00000                  "
"1","
"
"1","                           "
"1","                       "
"1","                                  "
"1","
"
"1"," COMESA.Court.of.Justice"
"1"," Court.of.Conciliation.and.Arbitration"
"1","
"
"1"," Min.   :0.0000         "
"1"," Min.   :0.0000                       "
"1","
"
"1"," 1st Qu.:0.0000         "
"1"," 1st Qu.:0.0000                       "
"1","
"
"1"," Median :0.0000         "
"1"," Median :0.0000                       "
"1","
"
"1"," Mean   :0.0936         "
"1"," Mean   :0.2808                       "
"1","
"
"1"," 3rd Qu.:0.0000         "
"1"," 3rd Qu.:1.0000                       "
"1","
"
"1"," Max.   :1.0000         "
"1"," Max.   :1.0000                       "
"1","
"
"1","                        "
"1","                                      "
"1","
"
"1"," General.Court.of.the.European.Union"
"1"," Court.of.Justice.of.the.Andean.Community"
"1","
"
"1"," Min.   :0.000                      "
"1"," Min.   :0.00000                         "
"1","
"
"1"," 1st Qu.:0.000                      "
"1"," 1st Qu.:0.00000                         "
"1","
"
"1"," Median :0.000                      "
"1"," Median :0.00000                         "
"1","
"
"1"," Mean   :0.133                      "
"1"," Mean   :0.02463                         "
"1","
"
"1"," 3rd Qu.:0.000                      "
"1"," 3rd Qu.:0.00000                         "
"1","
"
"1"," Max.   :1.000                      "
"1"," Max.   :1.00000                         "
"1","
"
"1","                                    "
"1","                                         "
"1","
"
"1"," Court.of.Justice.of.the.Economic.Community.of.West.African.States"
"1","
"
"1"," Min.   :0.00000                                                  "
"1","
"
"1"," 1st Qu.:0.00000                                                  "
"1","
"
"1"," Median :0.00000                                                  "
"1","
"
"1"," Mean   :0.07389                                                  "
"1","
"
"1"," 3rd Qu.:0.00000                                                  "
"1","
"
"1"," Max.   :1.00000                                                  "
"1","
"
"1","                                                                  "
"1","
"
"1"," Court.of.Justice.of.the.European.Communities"
"1"," East.African.Court.of.Justice"
"1","
"
"1"," Min.   :0.0000                              "
"1"," Min.   :0.00000              "
"1","
"
"1"," 1st Qu.:0.0000                              "
"1"," 1st Qu.:0.00000              "
"1","
"
"1"," Median :0.0000                              "
"1"," Median :0.00000              "
"1","
"
"1"," Mean   :0.1379                              "
"1"," Mean   :0.01478              "
"1","
"
"1"," 3rd Qu.:0.0000                              "
"1"," 3rd Qu.:0.00000              "
"1","
"
"1"," Max.   :1.0000                              "
"1"," Max.   :1.00000              "
"1","
"
"1","                                             "
"1","                              "
"1","
"
"1"," European.Court.of.Human.Rights"
"1"," European.Free.Trade.Agreement.Court"
"1","
"
"1"," Min.   :0.0000                "
"1"," Min.   :0.00000                    "
"1","
"
"1"," 1st Qu.:0.0000                "
"1"," 1st Qu.:0.00000                    "
"1","
"
"1"," Median :0.0000                "
"1"," Median :0.00000                    "
"1","
"
"1"," Mean   :0.2266                "
"1"," Mean   :0.01478                    "
"1","
"
"1"," 3rd Qu.:0.0000                "
"1"," 3rd Qu.:0.00000                    "
"1","
"
"1"," Max.   :1.0000                "
"1"," Max.   :1.00000                    "
"1","
"
"1","                               "
"1","                                    "
"1","
"
"1"," Inter.American.Court.of.Human.Rights"
"1"," International.Centre.for.Settlement.of.Investment.Disputes"
"1","
"
"1"," Min.   :0.0000                      "
"1"," Min.   :0.0000                                            "
"1","
"
"1"," 1st Qu.:0.0000                      "
"1"," 1st Qu.:1.0000                                            "
"1","
"
"1"," Median :0.0000                      "
"1"," Median :1.0000                                            "
"1","
"
"1"," Mean   :0.1133                      "
"1"," Mean   :0.7783                                            "
"1","
"
"1"," 3rd Qu.:0.0000                      "
"1"," 3rd Qu.:1.0000                                            "
"1","
"
"1"," Max.   :1.0000                      "
"1"," Max.   :1.0000                                            "
"1","
"
"1","                                     "
"1","                                                           "
"1","
"
"1"," International.Court.of.Justice"
"1"," International.Criminal.Court"
"1","
"
"1"," Min.   :0.000                 "
"1"," Min.   :0.0000              "
"1","
"
"1"," 1st Qu.:1.000                 "
"1"," 1st Qu.:1.0000              "
"1","
"
"1"," Median :1.000                 "
"1"," Median :1.0000              "
"1","
"
"1"," Mean   :0.936                 "
"1"," Mean   :0.7635              "
"1","
"
"1"," 3rd Qu.:1.000                 "
"1"," 3rd Qu.:1.0000              "
"1","
"
"1"," Max.   :1.000                 "
"1"," Max.   :1.0000              "
"1","
"
"1","                               "
"1","                             "
"1","
"
"1"," International.Tribunal.for.the.Law.of.the.Sea"
"1"," NAFTA.Dispute.Settlement.Panels"
"1","
"
"1"," Min.   :0.0000                               "
"1"," Min.   :0.00000                "
"1","
"
"1"," 1st Qu.:1.0000                               "
"1"," 1st Qu.:0.00000                "
"1","
"
"1"," Median :1.0000                               "
"1"," Median :0.00000                "
"1","
"
"1"," Mean   :0.8227                               "
"1"," Mean   :0.01478                "
"1","
"
"1"," 3rd Qu.:1.0000                               "
"1"," 3rd Qu.:0.00000                "
"1","
"
"1"," Max.   :1.0000                               "
"1"," Max.   :1.00000                "
"1","
"
"1","                                              "
"1","                                "
"1","
"
"1"," OHADA.Common.Court.of.Justice.and.Arbitration"
"1"," Permanent.Court.of.Arbitration"
"1","
"
"1"," Min.   :0.00000                              "
"1"," Min.   :0.0000                "
"1","
"
"1"," 1st Qu.:0.00000                              "
"1"," 1st Qu.:0.0000                "
"1","
"
"1"," Median :0.00000                              "
"1"," Median :1.0000                "
"1","
"
"1"," Mean   :0.08374                              "
"1"," Mean   :0.5911                "
"1","
"
"1"," 3rd Qu.:0.00000                              "
"1"," 3rd Qu.:1.0000                "
"1","
"
"1"," Max.   :1.00000                              "
"1"," Max.   :1.0000                "
"1","
"
"1","                                              "
"1","                               "
"1","
"
"1"," WAEMU.Court.of.Justice"
"1"," WIPO.Arbitration.and.Mediation.Center"
"1","
"
"1"," Min.   :0.00000       "
"1"," Min.   :0.0000                       "
"1","
"
"1"," 1st Qu.:0.00000       "
"1"," 1st Qu.:1.0000                       "
"1","
"
"1"," Median :0.00000       "
"1"," Median :1.0000                       "
"1","
"
"1"," Mean   :0.03941       "
"1"," Mean   :0.9409                       "
"1","
"
"1"," 3rd Qu.:0.00000       "
"1"," 3rd Qu.:1.0000                       "
"1","
"
"1"," Max.   :1.00000       "
"1"," Max.   :1.0000                       "
"1","
"
"1","                       "
"1","                                      "
"1","
"
"1"," WTO.Dispute.Settlement.Body...Appellate.Body"
"1","     Total       "
"1","
"
"1"," Min.   :0.0000                              "
"1"," Min.   : 1.000  "
"1","
"
"1"," 1st Qu.:1.0000                              "
"1"," 1st Qu.: 6.000  "
"1","
"
"1"," Median :1.0000                              "
"1"," Median : 7.000  "
"1","
"
"1"," Mean   :0.8079                              "
"1"," Mean   : 7.167  "
"1","
"
"1"," 3rd Qu.:1.0000                              "
"1"," 3rd Qu.: 9.000  "
"1","
"
"1"," Max.   :1.0000                              "
"1"," Max.   :12.000  "
"1","
"
"1","                                             "
"1","                 "
"1","
"
"0","var(dataset)"
"1","                                                                 "
"1","  X"
"1","
X                                                                "
"1"," NA"
"1","
African.Court.on.Human.and.Peoples..Rights                       "
"1"," NA"
"1","
Benelux.Court.of.Justice                                         "
"1"," NA"
"1","
Caribbean.Court.of.Justice                                       "
"1"," NA"
"1","
CEMAC.Court.of.Justice                                           "
"1"," NA"
"1","
Central.American.Court.of.Justice                                "
"1"," NA"
"1","
COMESA.Court.of.Justice                                          "
"1"," NA"
"1","
Court.of.Conciliation.and.Arbitration                            "
"1"," NA"
"1","
General.Court.of.the.European.Union                              "
"1"," NA"
"1","
Court.of.Justice.of.the.Andean.Community                         "
"1"," NA"
"1","
Court.of.Justice.of.the.Economic.Community.of.West.African.States"
"1"," NA"
"1","
Court.of.Justice.of.the.European.Communities                     "
"1"," NA"
"1","
East.African.Court.of.Justice                                    "
"1"," NA"
"1","
European.Court.of.Human.Rights                                   "
"1"," NA"
"1","
European.Free.Trade.Agreement.Court                              "
"1"," NA"
"1","
Inter.American.Court.of.Human.Rights                             "
"1"," NA"
"1","
International.Centre.for.Settlement.of.Investment.Disputes       "
"1"," NA"
"1","
International.Court.of.Justice                                   "
"1"," NA"
"1","
International.Criminal.Court                                     "
"1"," NA"
"1","
International.Tribunal.for.the.Law.of.the.Sea                    "
"1"," NA"
"1","
NAFTA.Dispute.Settlement.Panels                                  "
"1"," NA"
"1","
OHADA.Common.Court.of.Justice.and.Arbitration                    "
"1"," NA"
"1","
Permanent.Court.of.Arbitration                                   "
"1"," NA"
"1","
WAEMU.Court.of.Justice                                           "
"1"," NA"
"1","
WIPO.Arbitration.and.Mediation.Center                            "
"1"," NA"
"1","
WTO.Dispute.Settlement.Body...Appellate.Body                     "
"1"," NA"
"1","
Total                                                            "
"1"," NA"
"1","
"
"1","                                                                 "
"1"," African.Court.on.Human.and.Peoples..Rights"
"1","
X                                                                "
"1","                                         NA"
"1","
African.Court.on.Human.and.Peoples..Rights                       "
"1","                                0.126566844"
"1","
Benelux.Court.of.Justice                                         "
"1","                               -0.002194801"
"1","
Caribbean.Court.of.Justice                                       "
"1","                               -0.008779203"
"1","
CEMAC.Court.of.Justice                                           "
"1","                                0.016143979"
"1","
Central.American.Court.of.Justice                                "
"1","                               -0.004389602"
"1","
COMESA.Court.of.Justice                                          "
"1","                                0.025703556"
"1","
Court.of.Conciliation.and.Arbitration                            "
"1","                               -0.041701214"
"1","
General.Court.of.the.European.Union                              "
"1","                               -0.019753207"
"1","
Court.of.Justice.of.the.Andean.Community                         "
"1","                               -0.003658001"
"1","
Court.of.Justice.of.the.Economic.Community.of.West.African.States"
"1","                                0.038530947"
"1","
Court.of.Justice.of.the.European.Communities                     "
"1","                               -0.020484807"
"1","
East.African.Court.of.Justice                                    "
"1","                                0.012656684"
"1","
European.Court.of.Human.Rights                                   "
"1","                               -0.033653612"
"1","
European.Free.Trade.Agreement.Court                              "
"1","                               -0.002194801"
"1","
Inter.American.Court.of.Human.Rights                             "
"1","                               -0.016826806"
"1","
International.Centre.for.Settlement.of.Investment.Disputes       "
"1","                                0.018070526"
"1","
International.Court.of.Justice                                   "
"1","                                0.004560308"
"1","
International.Criminal.Court                                     "
"1","                                0.010364337"
"1","
International.Tribunal.for.the.Law.of.the.Sea                    "
"1","                                0.001585134"
"1","
NAFTA.Dispute.Settlement.Panels                                  "
"1","                               -0.002194801"
"1","
OHADA.Common.Court.of.Justice.and.Arbitration                    "
"1","                                0.046968736"
"1","
Permanent.Court.of.Arbitration                                   "
"1","                               -0.033336585"
"1","
WAEMU.Court.of.Justice                                           "
"1","                                0.028800663"
"1","
WIPO.Arbitration.and.Mediation.Center                            "
"1","                                0.003828708"
"1","
WTO.Dispute.Settlement.Body...Appellate.Body                     "
"1","                                0.008730430"
"1","
Total                                                            "
"1","                                0.153343413"
"1","
"
"1","                                                                 "
"1"," Benelux.Court.of.Justice"
"1","
X                                                                "
"1","                       NA"
"1","
African.Court.on.Human.and.Peoples..Rights                       "
"1","            -0.0021948008"
"1","
Benelux.Court.of.Justice                                         "
"1","             0.0146320051"
"1","
Caribbean.Court.of.Justice                                       "
"1","            -0.0008779203"
"1","
CEMAC.Court.of.Justice                                           "
"1","            -0.0003658001"
"1","
Central.American.Court.of.Justice                                "
"1","            -0.0004389602"
"1","
COMESA.Court.of.Justice                                          "
"1","            -0.0013900405"
"1","
Court.of.Conciliation.and.Arbitration                            "
"1","             0.0106813637"
"1","
General.Court.of.the.European.Union                              "
"1","             0.0128761645"
"1","
Court.of.Justice.of.the.Andean.Community                         "
"1","            -0.0003658001"
"1","
Court.of.Justice.of.the.Economic.Community.of.West.African.States"
"1","            -0.0010974004"
"1","
Court.of.Justice.of.the.European.Communities                     "
"1","             0.0128030044"
"1","
East.African.Court.of.Justice                                    "
"1","            -0.0002194801"
"1","
European.Court.of.Human.Rights                                   "
"1","             0.0114861240"
"1","
European.Free.Trade.Agreement.Court                              "
"1","            -0.0002194801"
"1","
Inter.American.Court.of.Human.Rights                             "
"1","            -0.0016826806"
"1","
International.Centre.for.Settlement.of.Investment.Disputes       "
"1","             0.0032922011"
"1","
International.Court.of.Justice                                   "
"1","             0.0009510803"
"1","
International.Criminal.Court                                     "
"1","             0.0035116812"
"1","
International.Tribunal.for.the.Law.of.the.Sea                    "
"1","             0.0026337609"
"1","
NAFTA.Dispute.Settlement.Panels                                  "
"1","            -0.0002194801"
"1","
OHADA.Common.Court.of.Justice.and.Arbitration                    "
"1","            -0.0012437204"
"1","
Permanent.Court.of.Arbitration                                   "
"1","             0.0060722821"
"1","
WAEMU.Court.of.Justice                                           "
"1","            -0.0005852802"
"1","
WIPO.Arbitration.and.Mediation.Center                            "
"1","             0.0008779203"
"1","
WTO.Dispute.Settlement.Body...Appellate.Body                     "
"1","             0.0028532410"
"1","
Total                                                            "
"1","             0.0717699849"
"1","
"
"1","                                                                 "
"1"," Caribbean.Court.of.Justice"
"1","
X                                                                "
"1","                         NA"
"1","
African.Court.on.Human.and.Peoples..Rights                       "
"1","              -0.0087792030"
"1","
Benelux.Court.of.Justice                                         "
"1","              -0.0008779203"
"1","
Caribbean.Court.of.Justice                                       "
"1","               0.0558942594"
"1","
CEMAC.Court.of.Justice                                           "
"1","              -0.0014632005"
"1","
Central.American.Court.of.Justice                                "
"1","              -0.0017558406"
"1","
COMESA.Court.of.Justice                                          "
"1","              -0.0055601619"
"1","
Court.of.Conciliation.and.Arbitration                            "
"1","              -0.0166804858"
"1","
General.Court.of.the.European.Union                              "
"1","              -0.0079012827"
"1","
Court.of.Justice.of.the.Andean.Community                         "
"1","              -0.0014632005"
"1","
Court.of.Justice.of.the.Economic.Community.of.West.African.States"
"1","              -0.0043896015"
"1","
Court.of.Justice.of.the.European.Communities                     "
"1","              -0.0081939228"
"1","
East.African.Court.of.Justice                                    "
"1","              -0.0008779203"
"1","
European.Court.of.Human.Rights                                   "
"1","              -0.0134614447"
"1","
European.Free.Trade.Agreement.Court                              "
"1","              -0.0008779203"
"1","
Inter.American.Court.of.Human.Rights                             "
"1","               0.0180217529"
"1","
International.Centre.for.Settlement.of.Investment.Disputes       "
"1","              -0.0016826806"
"1","
International.Court.of.Justice                                   "
"1","               0.0038043213"
"1","
International.Criminal.Court                                     "
"1","               0.0140467249"
"1","
International.Tribunal.for.the.Law.of.the.Sea                    "
"1","              -0.0092669365"
"1","
NAFTA.Dispute.Settlement.Panels                                  "
"1","              -0.0008779203"
"1","
OHADA.Common.Court.of.Justice.and.Arbitration                    "
"1","              -0.0049748817"
"1","
Permanent.Court.of.Arbitration                                   "
"1","              -0.0202653270"
"1","
WAEMU.Court.of.Justice                                           "
"1","              -0.0023411208"
"1","
WIPO.Arbitration.and.Mediation.Center                            "
"1","               0.0035116812"
"1","
WTO.Dispute.Settlement.Body...Appellate.Body                     "
"1","               0.0114129640"
"1","
Total                                                            "
"1","              -0.0049992684"
"1","
"
"1","                                                                 "
"1"," CEMAC.Court.of.Justice"
"1","
X                                                                "
"1","                     NA"
"1","
African.Court.on.Human.and.Peoples..Rights                       "
"1","           0.0161439789"
"1","
Benelux.Court.of.Justice                                         "
"1","          -0.0003658001"
"1","
Caribbean.Court.of.Justice                                       "
"1","          -0.0014632005"
"1","
CEMAC.Court.of.Justice                                           "
"1","           0.0241428084"
"1","
Central.American.Court.of.Justice                                "
"1","          -0.0007316003"
"1","
COMESA.Court.of.Justice                                          "
"1","          -0.0023167341"
"1","
Court.of.Conciliation.and.Arbitration                            "
"1","          -0.0069502024"
"1","
General.Court.of.the.European.Union                              "
"1","          -0.0032922011"
"1","
Court.of.Justice.of.the.Andean.Community                         "
"1","          -0.0006096669"
"1","
Court.of.Justice.of.the.Economic.Community.of.West.African.States"
"1","          -0.0018290006"
"1","
Court.of.Justice.of.the.European.Communities                     "
"1","          -0.0034141345"
"1","
East.African.Court.of.Justice                                    "
"1","          -0.0003658001"
"1","
European.Court.of.Human.Rights                                   "
"1","          -0.0056089353"
"1","
European.Free.Trade.Agreement.Court                              "
"1","          -0.0003658001"
"1","
Inter.American.Court.of.Human.Rights                             "
"1","          -0.0028044676"
"1","
International.Centre.for.Settlement.of.Investment.Disputes       "
"1","           0.0005365069"
"1","
International.Court.of.Justice                                   "
"1","           0.0015851339"
"1","
International.Criminal.Court                                     "
"1","           0.0009023070"
"1","
International.Tribunal.for.the.Law.of.the.Sea                    "
"1","           0.0043896015"
"1","
NAFTA.Dispute.Settlement.Panels                                  "
"1","          -0.0003658001"
"1","
OHADA.Common.Court.of.Justice.and.Arbitration                    "
"1","           0.0226796079"
"1","
Permanent.Court.of.Arbitration                                   "
"1","          -0.0096815100"
"1","
WAEMU.Court.of.Justice                                           "
"1","          -0.0009754670"
"1","
WIPO.Arbitration.and.Mediation.Center                            "
"1","           0.0014632005"
"1","
WTO.Dispute.Settlement.Body...Appellate.Body                     "
"1","          -0.0001950934"
"1","
Total                                                            "
"1","           0.0305077306"
"1","
"
"1","                                                                 "
"1"," Central.American.Court.of.Justice"
"1","
X                                                                "
"1","                                NA"
"1","
African.Court.on.Human.and.Peoples..Rights                       "
"1","                     -0.0043896015"
"1","
Benelux.Court.of.Justice                                         "
"1","                     -0.0004389602"
"1","
Caribbean.Court.of.Justice                                       "
"1","                     -0.0017558406"
"1","
CEMAC.Court.of.Justice                                           "
"1","                     -0.0007316003"
"1","
Central.American.Court.of.Justice                                "
"1","                      0.0288250500"
"1","
COMESA.Court.of.Justice                                          "
"1","                     -0.0027800810"
"1","
Court.of.Conciliation.and.Arbitration                            "
"1","                     -0.0083402429"
"1","
General.Court.of.the.European.Union                              "
"1","                     -0.0039506414"
"1","
Court.of.Justice.of.the.Andean.Community                         "
"1","                     -0.0007316003"
"1","
Court.of.Justice.of.the.Economic.Community.of.West.African.States"
"1","                     -0.0021948008"
"1","
Court.of.Justice.of.the.European.Communities                     "
"1","                     -0.0040969614"
"1","
East.African.Court.of.Justice                                    "
"1","                     -0.0004389602"
"1","
European.Court.of.Human.Rights                                   "
"1","                     -0.0067307223"
"1","
European.Free.Trade.Agreement.Court                              "
"1","                     -0.0004389602"
"1","
Inter.American.Court.of.Human.Rights                             "
"1","                      0.0263376091"
"1","
International.Centre.for.Settlement.of.Investment.Disputes       "
"1","                      0.0065844023"
"1","
International.Court.of.Justice                                   "
"1","                      0.0019021607"
"1","
International.Criminal.Court                                     "
"1","                      0.0020728674"
"1","
International.Tribunal.for.the.Law.of.the.Sea                    "
"1","                      0.0003170268"
"1","
NAFTA.Dispute.Settlement.Panels                                  "
"1","                     -0.0004389602"
"1","
OHADA.Common.Court.of.Justice.and.Arbitration                    "
"1","                     -0.0024874409"
"1","
Permanent.Court.of.Arbitration                                   "
"1","                      0.0121445642"
"1","
WAEMU.Court.of.Justice                                           "
"1","                     -0.0011705604"
"1","
WIPO.Arbitration.and.Mediation.Center                            "
"1","                      0.0017558406"
"1","
WTO.Dispute.Settlement.Body...Appellate.Body                     "
"1","                      0.0057064820"
"1","
Total                                                            "
"1","                      0.0445300688"
"1","
"
"1","                                                                 "
"1"," COMESA.Court.of.Justice"
"1","
X                                                                "
"1","                      NA"
"1","
African.Court.on.Human.and.Peoples..Rights                       "
"1","             0.025703556"
"1","
Benelux.Court.of.Justice                                         "
"1","            -0.001390040"
"1","
Caribbean.Court.of.Justice                                       "
"1","            -0.005560162"
"1","
CEMAC.Court.of.Justice                                           "
"1","            -0.002316734"
"1","
Central.American.Court.of.Justice                                "
"1","            -0.002780081"
"1","
COMESA.Court.of.Justice                                          "
"1","             0.085255816"
"1","
Court.of.Conciliation.and.Arbitration                            "
"1","            -0.026410769"
"1","
General.Court.of.the.European.Union                              "
"1","            -0.012510364"
"1","
Court.of.Justice.of.the.Andean.Community                         "
"1","            -0.002316734"
"1","
Court.of.Justice.of.the.Economic.Community.of.West.African.States"
"1","            -0.006950202"
"1","
Court.of.Justice.of.the.European.Communities                     "
"1","            -0.012973711"
"1","
East.African.Court.of.Justice                                    "
"1","             0.008510950"
"1","
European.Court.of.Human.Rights                                   "
"1","            -0.021313954"
"1","
European.Free.Trade.Agreement.Court                              "
"1","            -0.001390040"
"1","
Inter.American.Court.of.Human.Rights                             "
"1","            -0.010656977"
"1","
International.Centre.for.Settlement.of.Investment.Disputes       "
"1","             0.005999122"
"1","
International.Court.of.Justice                                   "
"1","             0.001073014"
"1","
International.Criminal.Court                                     "
"1","             0.007389163"
"1","
International.Tribunal.for.the.Law.of.the.Sea                    "
"1","            -0.003121494"
"1","
NAFTA.Dispute.Settlement.Panels                                  "
"1","            -0.001390040"
"1","
OHADA.Common.Court.of.Justice.and.Arbitration                    "
"1","             0.002024094"
"1","
Permanent.Court.of.Arbitration                                   "
"1","             0.013705311"
"1","
WAEMU.Court.of.Justice                                           "
"1","            -0.003706775"
"1","
WIPO.Arbitration.and.Mediation.Center                            "
"1","             0.005560162"
"1","
WTO.Dispute.Settlement.Body...Appellate.Body                     "
"1","            -0.006681949"
"1","
Total                                                            "
"1","             0.033751158"
"1","
"
"1","                                                                 "
"1"," Court.of.Conciliation.and.Arbitration"
"1","
X                                                                "
"1","                                    NA"
"1","
African.Court.on.Human.and.Peoples..Rights                       "
"1","                          -0.041701214"
"1","
Benelux.Court.of.Justice                                         "
"1","                           0.010681364"
"1","
Caribbean.Court.of.Justice                                       "
"1","                          -0.016680486"
"1","
CEMAC.Court.of.Justice                                           "
"1","                          -0.006950202"
"1","
Central.American.Court.of.Justice                                "
"1","                          -0.008340243"
"1","
COMESA.Court.of.Justice                                          "
"1","                          -0.026410769"
"1","
Court.of.Conciliation.and.Arbitration                            "
"1","                           0.202945910"
"1","
General.Court.of.the.European.Union                              "
"1","                           0.096132273"
"1","
Court.of.Justice.of.the.Andean.Community                         "
"1","                          -0.006950202"
"1","
Court.of.Justice.of.the.Economic.Community.of.West.African.States"
"1","                          -0.020850607"
"1","
Court.of.Justice.of.the.European.Communities                     "
"1","                           0.099692728"
"1","
East.African.Court.of.Justice                                    "
"1","                          -0.004170121"
"1","
European.Court.of.Human.Rights                                   "
"1","                           0.163780910"
"1","
European.Free.Trade.Agreement.Court                              "
"1","                           0.010681364"
"1","
Inter.American.Court.of.Human.Rights                             "
"1","                          -0.031970931"
"1","
International.Centre.for.Settlement.of.Investment.Disputes       "
"1","                           0.032848851"
"1","
International.Court.of.Justice                                   "
"1","                           0.008169536"
"1","
International.Criminal.Court                                     "
"1","                           0.032068478"
"1","
International.Tribunal.for.the.Law.of.the.Sea                    "
"1","                           0.005487002"
"1","
NAFTA.Dispute.Settlement.Panels                                  "
"1","                           0.005730869"
"1","
OHADA.Common.Court.of.Justice.and.Arbitration                    "
"1","                          -0.023630688"
"1","
Permanent.Court.of.Arbitration                                   "
"1","                           0.051016924"
"1","
WAEMU.Court.of.Justice                                           "
"1","                          -0.011120324"
"1","
WIPO.Arbitration.and.Mediation.Center                            "
"1","                           0.016680486"
"1","
WTO.Dispute.Settlement.Body...Appellate.Body                     "
"1","                           0.004706628"
"1","
Total                                                            "
"1","                           0.541847535"
"1","
"
"1","                                                                 "
"1"," General.Court.of.the.European.Union"
"1","
X                                                                "
"1","                                  NA"
"1","
African.Court.on.Human.and.Peoples..Rights                       "
"1","                        -0.019753207"
"1","
Benelux.Court.of.Justice                                         "
"1","                         0.012876164"
"1","
Caribbean.Court.of.Justice                                       "
"1","                        -0.007901283"
"1","
CEMAC.Court.of.Justice                                           "
"1","                        -0.003292201"
"1","
Central.American.Court.of.Justice                                "
"1","                        -0.003950641"
"1","
COMESA.Court.of.Justice                                          "
"1","                        -0.012510364"
"1","
Court.of.Conciliation.and.Arbitration                            "
"1","                         0.096132273"
"1","
General.Court.of.the.European.Union                              "
"1","                         0.115885480"
"1","
Court.of.Justice.of.the.Andean.Community                         "
"1","                        -0.003292201"
"1","
Court.of.Justice.of.the.Economic.Community.of.West.African.States"
"1","                        -0.009876603"
"1","
Court.of.Justice.of.the.European.Communities                     "
"1","                         0.115227040"
"1","
East.African.Court.of.Justice                                    "
"1","                        -0.001975321"
"1","
European.Court.of.Human.Rights                                   "
"1","                         0.103375116"
"1","
European.Free.Trade.Agreement.Court                              "
"1","                        -0.001975321"
"1","
Inter.American.Court.of.Human.Rights                             "
"1","                        -0.015144125"
"1","
International.Centre.for.Settlement.of.Investment.Disputes       "
"1","                         0.024679315"
"1","
International.Court.of.Justice                                   "
"1","                         0.003609228"
"1","
International.Criminal.Court                                     "
"1","                         0.031605131"
"1","
International.Tribunal.for.the.Law.of.the.Sea                    "
"1","                         0.023703848"
"1","
NAFTA.Dispute.Settlement.Panels                                  "
"1","                        -0.001975321"
"1","
OHADA.Common.Court.of.Justice.and.Arbitration                    "
"1","                        -0.011193484"
"1","
Permanent.Court.of.Arbitration                                   "
"1","                         0.054650539"
"1","
WAEMU.Court.of.Justice                                           "
"1","                        -0.005267522"
"1","
WIPO.Arbitration.and.Mediation.Center                            "
"1","                         0.007901283"
"1","
WTO.Dispute.Settlement.Body...Appellate.Body                     "
"1","                         0.025679169"
"1","
Total                                                            "
"1","                         0.517216993"
"1","
"
"1","                                                                 "
"1"," Court.of.Justice.of.the.Andean.Community"
"1","
X                                                                "
"1","                                       NA"
"1","
African.Court.on.Human.and.Peoples..Rights                       "
"1","                            -0.0036580013"
"1","
Benelux.Court.of.Justice                                         "
"1","                            -0.0003658001"
"1","
Caribbean.Court.of.Justice                                       "
"1","                            -0.0014632005"
"1","
CEMAC.Court.of.Justice                                           "
"1","                            -0.0006096669"
"1","
Central.American.Court.of.Justice                                "
"1","                            -0.0007316003"
"1","
COMESA.Court.of.Justice                                          "
"1","                            -0.0023167341"
"1","
Court.of.Conciliation.and.Arbitration                            "
"1","                            -0.0069502024"
"1","
General.Court.of.the.European.Union                              "
"1","                            -0.0032922011"
"1","
Court.of.Justice.of.the.Andean.Community                         "
"1","                             0.0241428084"
"1","
Court.of.Justice.of.the.Economic.Community.of.West.African.States"
"1","                            -0.0018290006"
"1","
Court.of.Justice.of.the.European.Communities                     "
"1","                            -0.0034141345"
"1","
East.African.Court.of.Justice                                    "
"1","                            -0.0003658001"
"1","
European.Court.of.Human.Rights                                   "
"1","                            -0.0056089353"
"1","
European.Free.Trade.Agreement.Court                              "
"1","                            -0.0003658001"
"1","
Inter.American.Court.of.Human.Rights                             "
"1","                             0.0169975126"
"1","
International.Centre.for.Settlement.of.Investment.Disputes       "
"1","                            -0.0093644832"
"1","
International.Court.of.Justice                                   "
"1","                             0.0015851339"
"1","
International.Criminal.Court                                     "
"1","                             0.0058528020"
"1","
International.Tribunal.for.the.Law.of.the.Sea                    "
"1","                            -0.0104618836"
"1","
NAFTA.Dispute.Settlement.Panels                                  "
"1","                            -0.0003658001"
"1","
OHADA.Common.Court.of.Justice.and.Arbitration                    "
"1","                            -0.0020728674"
"1","
Permanent.Court.of.Arbitration                                   "
"1","                             0.0101204702"
"1","
WAEMU.Court.of.Justice                                           "
"1","                            -0.0009754670"
"1","
WIPO.Arbitration.and.Mediation.Center                            "
"1","                             0.0014632005"
"1","
WTO.Dispute.Settlement.Body...Appellate.Body                     "
"1","                             0.0047554016"
"1","
Total                                                            "
"1","                             0.0107057504"
"1","
"
"1","                                                                 "
"1"," Court.of.Justice.of.the.Economic.Community.of.West.African.States"
"1","
X                                                                "
"1","                                                                NA"
"1","
African.Court.on.Human.and.Peoples..Rights                       "
"1","                                                       0.038530947"
"1","
Benelux.Court.of.Justice                                         "
"1","                                                      -0.001097400"
"1","
Caribbean.Court.of.Justice                                       "
"1","                                                      -0.004389602"
"1","
CEMAC.Court.of.Justice                                           "
"1","                                                      -0.001829001"
"1","
Central.American.Court.of.Justice                                "
"1","                                                      -0.002194801"
"1","
COMESA.Court.of.Justice                                          "
"1","                                                      -0.006950202"
"1","
Court.of.Conciliation.and.Arbitration                            "
"1","                                                      -0.020850607"
"1","
General.Court.of.the.European.Union                              "
"1","                                                      -0.009876603"
"1","
Court.of.Justice.of.the.Andean.Community                         "
"1","                                                      -0.001829001"
"1","
Court.of.Justice.of.the.Economic.Community.of.West.African.States"
"1","                                                       0.068770424"
"1","
Court.of.Justice.of.the.European.Communities                     "
"1","                                                      -0.010242404"
"1","
East.African.Court.of.Justice                                    "
"1","                                                      -0.001097400"
"1","
European.Court.of.Human.Rights                                   "
"1","                                                      -0.016826806"
"1","
European.Free.Trade.Agreement.Court                              "
"1","                                                      -0.001097400"
"1","
Inter.American.Court.of.Human.Rights                             "
"1","                                                      -0.008413403"
"1","
International.Centre.for.Settlement.of.Investment.Disputes       "
"1","                                                       0.016461006"
"1","
International.Court.of.Justice                                   "
"1","                                                       0.004755402"
"1","
International.Criminal.Court                                     "
"1","                                                       0.012607911"
"1","
International.Tribunal.for.the.Law.of.the.Sea                    "
"1","                                                      -0.001682681"
"1","
NAFTA.Dispute.Settlement.Panels                                  "
"1","                                                      -0.001097400"
"1","
OHADA.Common.Court.of.Justice.and.Arbitration                    "
"1","                                                       0.038335853"
"1","
Permanent.Court.of.Arbitration                                   "
"1","                                                      -0.019143540"
"1","
WAEMU.Court.of.Justice                                           "
"1","                                                       0.036677559"
"1","
WIPO.Arbitration.and.Mediation.Center                            "
"1","                                                       0.004389602"
"1","
WTO.Dispute.Settlement.Body...Appellate.Body                     "
"1","                                                       0.014266205"
"1","
Total                                                            "
"1","                                                       0.126176657"
"1","
"
"1","                                                                 "
"1"," Court.of.Justice.of.the.European.Communities"
"1","
X                                                                "
"1","                                           NA"
"1","
African.Court.on.Human.and.Peoples..Rights                       "
"1","                                 -0.020484807"
"1","
Benelux.Court.of.Justice                                         "
"1","                                  0.012803004"
"1","
Caribbean.Court.of.Justice                                       "
"1","                                 -0.008193923"
"1","
CEMAC.Court.of.Justice                                           "
"1","                                 -0.003414135"
"1","
Central.American.Court.of.Justice                                "
"1","                                 -0.004096961"
"1","
COMESA.Court.of.Justice                                          "
"1","                                 -0.012973711"
"1","
Court.of.Conciliation.and.Arbitration                            "
"1","                                  0.099692728"
"1","
General.Court.of.the.European.Union                              "
"1","                                  0.115227040"
"1","
Court.of.Justice.of.the.Andean.Community                         "
"1","                                 -0.003414135"
"1","
Court.of.Justice.of.the.Economic.Community.of.West.African.States"
"1","                                 -0.010242404"
"1","
Court.of.Justice.of.the.European.Communities                     "
"1","                                  0.119494708"
"1","
East.African.Court.of.Justice                                    "
"1","                                 -0.002048481"
"1","
European.Court.of.Human.Rights                                   "
"1","                                  0.107203824"
"1","
European.Free.Trade.Agreement.Court                              "
"1","                                 -0.002048481"
"1","
Inter.American.Court.of.Human.Rights                             "
"1","                                 -0.015705019"
"1","
International.Centre.for.Settlement.of.Investment.Disputes       "
"1","                                  0.025776716"
"1","
International.Court.of.Justice                                   "
"1","                                  0.003926255"
"1","
International.Criminal.Court                                     "
"1","                                  0.032775691"
"1","
International.Tribunal.for.the.Law.of.the.Sea                    "
"1","                                  0.024581769"
"1","
NAFTA.Dispute.Settlement.Panels                                  "
"1","                                 -0.002048481"
"1","
OHADA.Common.Court.of.Justice.and.Arbitration                    "
"1","                                 -0.011608057"
"1","
Permanent.Court.of.Arbitration                                   "
"1","                                  0.056674633"
"1","
WAEMU.Court.of.Justice                                           "
"1","                                 -0.005462615"
"1","
WIPO.Arbitration.and.Mediation.Center                            "
"1","                                  0.008193923"
"1","
WTO.Dispute.Settlement.Body...Appellate.Body                     "
"1","                                  0.026630249"
"1","
Total                                                            "
"1","                                  0.531239331"
"1","
"
"1","                                                                 "
"1"," East.African.Court.of.Justice"
"1","
X                                                                "
"1","                            NA"
"1","
African.Court.on.Human.and.Peoples..Rights                       "
"1","                  0.0126566844"
"1","
Benelux.Court.of.Justice                                         "
"1","                 -0.0002194801"
"1","
Caribbean.Court.of.Justice                                       "
"1","                 -0.0008779203"
"1","
CEMAC.Court.of.Justice                                           "
"1","                 -0.0003658001"
"1","
Central.American.Court.of.Justice                                "
"1","                 -0.0004389602"
"1","
COMESA.Court.of.Justice                                          "
"1","                  0.0085109496"
"1","
Court.of.Conciliation.and.Arbitration                            "
"1","                 -0.0041701214"
"1","
General.Court.of.the.European.Union                              "
"1","                 -0.0019753207"
"1","
Court.of.Justice.of.the.Andean.Community                         "
"1","                 -0.0003658001"
"1","
Court.of.Justice.of.the.Economic.Community.of.West.African.States"
"1","                 -0.0010974004"
"1","
Court.of.Justice.of.the.European.Communities                     "
"1","                 -0.0020484807"
"1","
East.African.Court.of.Justice                                    "
"1","                  0.0146320051"
"1","
European.Court.of.Human.Rights                                   "
"1","                 -0.0033653612"
"1","
European.Free.Trade.Agreement.Court                              "
"1","                 -0.0002194801"
"1","
Inter.American.Court.of.Human.Rights                             "
"1","                 -0.0016826806"
"1","
International.Centre.for.Settlement.of.Investment.Disputes       "
"1","                  0.0032922011"
"1","
International.Court.of.Justice                                   "
"1","                  0.0009510803"
"1","
International.Criminal.Court                                     "
"1","                  0.0035116812"
"1","
International.Tribunal.for.the.Law.of.the.Sea                    "
"1","                  0.0026337609"
"1","
NAFTA.Dispute.Settlement.Panels                                  "
"1","                 -0.0002194801"
"1","
OHADA.Common.Court.of.Justice.and.Arbitration                    "
"1","                 -0.0012437204"
"1","
Permanent.Court.of.Arbitration                                   "
"1","                  0.0011217871"
"1","
WAEMU.Court.of.Justice                                           "
"1","                 -0.0005852802"
"1","
WIPO.Arbitration.and.Mediation.Center                            "
"1","                  0.0008779203"
"1","
WTO.Dispute.Settlement.Body...Appellate.Body                     "
"1","                  0.0028532410"
"1","
Total                                                            "
"1","                  0.0321660245"
"1","
"
"1","                                                                 "
"1"," European.Court.of.Human.Rights"
"1","
X                                                                "
"1","                             NA"
"1","
African.Court.on.Human.and.Peoples..Rights                       "
"1","                   -0.033653612"
"1","
Benelux.Court.of.Justice                                         "
"1","                    0.011486124"
"1","
Caribbean.Court.of.Justice                                       "
"1","                   -0.013461445"
"1","
CEMAC.Court.of.Justice                                           "
"1","                   -0.005608935"
"1","
Central.American.Court.of.Justice                                "
"1","                   -0.006730722"
"1","
COMESA.Court.of.Justice                                          "
"1","                   -0.021313954"
"1","
Court.of.Conciliation.and.Arbitration                            "
"1","                    0.163780910"
"1","
General.Court.of.the.European.Union                              "
"1","                    0.103375116"
"1","
Court.of.Justice.of.the.Andean.Community                         "
"1","                   -0.005608935"
"1","
Court.of.Justice.of.the.Economic.Community.of.West.African.States"
"1","                   -0.016826806"
"1","
Court.of.Justice.of.the.European.Communities                     "
"1","                    0.107203824"
"1","
East.African.Court.of.Justice                                    "
"1","                   -0.003365361"
"1","
European.Court.of.Human.Rights                                   "
"1","                    0.176120568"
"1","
European.Free.Trade.Agreement.Court                              "
"1","                    0.011486124"
"1","
Inter.American.Court.of.Human.Rights                             "
"1","                   -0.025801102"
"1","
International.Centre.for.Settlement.of.Investment.Disputes       "
"1","                    0.030678437"
"1","
International.Court.of.Justice                                   "
"1","                    0.009632737"
"1","
International.Criminal.Court                                     "
"1","                    0.038994294"
"1","
International.Tribunal.for.the.Law.of.the.Sea                    "
"1","                    0.025532849"
"1","
NAFTA.Dispute.Settlement.Panels                                  "
"1","                   -0.003365361"
"1","
OHADA.Common.Court.of.Justice.and.Arbitration                    "
"1","                   -0.019070380"
"1","
Permanent.Court.of.Arbitration                                   "
"1","                    0.058454860"
"1","
WAEMU.Court.of.Justice                                           "
"1","                   -0.008974296"
"1","
WIPO.Arbitration.and.Mediation.Center                            "
"1","                    0.013461445"
"1","
WTO.Dispute.Settlement.Body...Appellate.Body                     "
"1","                    0.014046725"
"1","
Total                                                            "
"1","                    0.600473101"
"1","
"
"1","                                                                 "
"1"," European.Free.Trade.Agreement.Court"
"1","
X                                                                "
"1","                                  NA"
"1","
African.Court.on.Human.and.Peoples..Rights                       "
"1","                       -0.0021948008"
"1","
Benelux.Court.of.Justice                                         "
"1","                       -0.0002194801"
"1","
Caribbean.Court.of.Justice                                       "
"1","                       -0.0008779203"
"1","
CEMAC.Court.of.Justice                                           "
"1","                       -0.0003658001"
"1","
Central.American.Court.of.Justice                                "
"1","                       -0.0004389602"
"1","
COMESA.Court.of.Justice                                          "
"1","                       -0.0013900405"
"1","
Court.of.Conciliation.and.Arbitration                            "
"1","                        0.0106813637"
"1","
General.Court.of.the.European.Union                              "
"1","                       -0.0019753207"
"1","
Court.of.Justice.of.the.Andean.Community                         "
"1","                       -0.0003658001"
"1","
Court.of.Justice.of.the.Economic.Community.of.West.African.States"
"1","                       -0.0010974004"
"1","
Court.of.Justice.of.the.European.Communities                     "
"1","                       -0.0020484807"
"1","
East.African.Court.of.Justice                                    "
"1","                       -0.0002194801"
"1","
European.Court.of.Human.Rights                                   "
"1","                        0.0114861240"
"1","
European.Free.Trade.Agreement.Court                              "
"1","                        0.0146320051"
"1","
Inter.American.Court.of.Human.Rights                             "
"1","                       -0.0016826806"
"1","
International.Centre.for.Settlement.of.Investment.Disputes       "
"1","                       -0.0016582939"
"1","
International.Court.of.Justice                                   "
"1","                        0.0009510803"
"1","
International.Criminal.Court                                     "
"1","                        0.0035116812"
"1","
International.Tribunal.for.the.Law.of.the.Sea                    "
"1","                        0.0026337609"
"1","
NAFTA.Dispute.Settlement.Panels                                  "
"1","                       -0.0002194801"
"1","
OHADA.Common.Court.of.Justice.and.Arbitration                    "
"1","                       -0.0012437204"
"1","
Permanent.Court.of.Arbitration                                   "
"1","                        0.0060722821"
"1","
WAEMU.Court.of.Justice                                           "
"1","                       -0.0005852802"
"1","
WIPO.Arbitration.and.Mediation.Center                            "
"1","                        0.0008779203"
"1","
WTO.Dispute.Settlement.Body...Appellate.Body                     "
"1","                        0.0028532410"
"1","
Total                                                            "
"1","                        0.0371165195"
"1","
"
"1","                                                                 "
"1"," Inter.American.Court.of.Human.Rights"
"1","
X                                                                "
"1","                                   NA"
"1","
African.Court.on.Human.and.Peoples..Rights                       "
"1","                        -0.0168268058"
"1","
Benelux.Court.of.Justice                                         "
"1","                        -0.0016826806"
"1","
Caribbean.Court.of.Justice                                       "
"1","                         0.0180217529"
"1","
CEMAC.Court.of.Justice                                           "
"1","                        -0.0028044676"
"1","
Central.American.Court.of.Justice                                "
"1","                         0.0263376091"
"1","
COMESA.Court.of.Justice                                          "
"1","                        -0.0106569770"
"1","
Court.of.Conciliation.and.Arbitration                            "
"1","                        -0.0319709311"
"1","
General.Court.of.the.European.Union                              "
"1","                        -0.0151441252"
"1","
Court.of.Justice.of.the.Andean.Community                         "
"1","                         0.0169975126"
"1","
Court.of.Justice.of.the.Economic.Community.of.West.African.States"
"1","                        -0.0084134029"
"1","
Court.of.Justice.of.the.European.Communities                     "
"1","                        -0.0157050188"
"1","
East.African.Court.of.Justice                                    "
"1","                        -0.0016826806"
"1","
European.Court.of.Human.Rights                                   "
"1","                        -0.0258011023"
"1","
European.Free.Trade.Agreement.Court                              "
"1","                        -0.0016826806"
"1","
Inter.American.Court.of.Human.Rights                             "
"1","                         0.1009608350"
"1","
International.Centre.for.Settlement.of.Investment.Disputes       "
"1","                         0.0004877335"
"1","
International.Court.of.Justice                                   "
"1","                         0.0072916159"
"1","
International.Criminal.Court                                     "
"1","                         0.0219723943"
"1","
International.Tribunal.for.the.Law.of.the.Sea                    "
"1","                         0.0003901868"
"1","
NAFTA.Dispute.Settlement.Panels                                  "
"1","                         0.0032678145"
"1","
OHADA.Common.Court.of.Justice.and.Arbitration                    "
"1","                        -0.0095351900"
"1","
Permanent.Court.of.Arbitration                                   "
"1","                         0.0267521826"
"1","
WAEMU.Court.of.Justice                                           "
"1","                        -0.0044871482"
"1","
WIPO.Arbitration.and.Mediation.Center                            "
"1","                         0.0067307223"
"1","
WTO.Dispute.Settlement.Body...Appellate.Body                     "
"1","                         0.0218748476"
"1","
Total                                                            "
"1","                         0.1046919963"
"1","
"
"1","                                                                 "
"1"," International.Centre.for.Settlement.of.Investment.Disputes"
"1","
X                                                                "
"1","                                                         NA"
"1","
African.Court.on.Human.and.Peoples..Rights                       "
"1","                                               0.0180705263"
"1","
Benelux.Court.of.Justice                                         "
"1","                                               0.0032922011"
"1","
Caribbean.Court.of.Justice                                       "
"1","                                              -0.0016826806"
"1","
CEMAC.Court.of.Justice                                           "
"1","                                               0.0005365069"
"1","
Central.American.Court.of.Justice                                "
"1","                                               0.0065844023"
"1","
COMESA.Court.of.Justice                                          "
"1","                                               0.0059991221"
"1","
Court.of.Conciliation.and.Arbitration                            "
"1","                                               0.0328488514"
"1","
General.Court.of.the.European.Union                              "
"1","                                               0.0246793152"
"1","
Court.of.Justice.of.the.Andean.Community                         "
"1","                                              -0.0093644832"
"1","
Court.of.Justice.of.the.Economic.Community.of.West.African.States"
"1","                                               0.0164610057"
"1","
Court.of.Justice.of.the.European.Communities                     "
"1","                                               0.0257767156"
"1","
East.African.Court.of.Justice                                    "
"1","                                               0.0032922011"
"1","
European.Court.of.Human.Rights                                   "
"1","                                               0.0306784373"
"1","
European.Free.Trade.Agreement.Court                              "
"1","                                              -0.0016582939"
"1","
Inter.American.Court.of.Human.Rights                             "
"1","                                               0.0004877335"
"1","
International.Centre.for.Settlement.of.Investment.Disputes       "
"1","                                               0.1733892601"
"1","
International.Court.of.Justice                                   "
"1","                                               0.0352387455"
"1","
International.Criminal.Court                                     "
"1","                                               0.0512851778"
"1","
International.Tribunal.for.the.Law.of.the.Sea                    "
"1","                                               0.0149490318"
"1","
NAFTA.Dispute.Settlement.Panels                                  "
"1","                                               0.0032922011"
"1","
OHADA.Common.Court.of.Justice.and.Arbitration                    "
"1","                                               0.0137053114"
"1","
Permanent.Court.of.Arbitration                                   "
"1","                                               0.0376286397"
"1","
WAEMU.Court.of.Justice                                           "
"1","                                               0.0087792030"
"1","
WIPO.Arbitration.and.Mediation.Center                            "
"1","                                               0.0214846608"
"1","
WTO.Dispute.Settlement.Body...Appellate.Body                     "
"1","                                               0.0512607911"
"1","
Total                                                            "
"1","                                               0.5670145832"
"1","
"
"1","                                                                 "
"1"," International.Court.of.Justice"
"1","
X                                                                "
"1","                             NA"
"1","
African.Court.on.Human.and.Peoples..Rights                       "
"1","                   0.0045603082"
"1","
Benelux.Court.of.Justice                                         "
"1","                   0.0009510803"
"1","
Caribbean.Court.of.Justice                                       "
"1","                   0.0038043213"
"1","
CEMAC.Court.of.Justice                                           "
"1","                   0.0015851339"
"1","
Central.American.Court.of.Justice                                "
"1","                   0.0019021607"
"1","
COMESA.Court.of.Justice                                          "
"1","                   0.0010730137"
"1","
Court.of.Conciliation.and.Arbitration                            "
"1","                   0.0081695362"
"1","
General.Court.of.the.European.Union                              "
"1","                   0.0036092279"
"1","
Court.of.Justice.of.the.Andean.Community                         "
"1","                   0.0015851339"
"1","
Court.of.Justice.of.the.Economic.Community.of.West.African.States"
"1","                   0.0047554016"
"1","
Court.of.Justice.of.the.European.Communities                     "
"1","                   0.0039262547"
"1","
East.African.Court.of.Justice                                    "
"1","                   0.0009510803"
"1","
European.Court.of.Human.Rights                                   "
"1","                   0.0096327367"
"1","
European.Free.Trade.Agreement.Court                              "
"1","                   0.0009510803"
"1","
Inter.American.Court.of.Human.Rights                             "
"1","                   0.0072916159"
"1","
International.Centre.for.Settlement.of.Investment.Disputes       "
"1","                   0.0352387455"
"1","
International.Court.of.Justice                                   "
"1","                   0.0602350875"
"1","
International.Criminal.Court                                     "
"1","                   0.0342876652"
"1","
International.Tribunal.for.the.Law.of.the.Sea                    "
"1","                   0.0182900063"
"1","
NAFTA.Dispute.Settlement.Panels                                  "
"1","                   0.0009510803"
"1","
OHADA.Common.Court.of.Justice.and.Arbitration                    "
"1","                   0.0053894552"
"1","
Permanent.Court.of.Arbitration                                   "
"1","                   0.0132907379"
"1","
WAEMU.Court.of.Justice                                           "
"1","                   0.0025362142"
"1","
WIPO.Arbitration.and.Mediation.Center                            "
"1","                   0.0308491440"
"1","
WTO.Dispute.Settlement.Body...Appellate.Body                     "
"1","                   0.0173389260"
"1","
Total                                                            "
"1","                   0.2731551480"
"1","
"
"1","                                                                 "
"1"," International.Criminal.Court"
"1","
X                                                                "
"1","                           NA"
"1","
African.Court.on.Human.and.Peoples..Rights                       "
"1","                  0.010364337"
"1","
Benelux.Court.of.Justice                                         "
"1","                  0.003511681"
"1","
Caribbean.Court.of.Justice                                       "
"1","                  0.014046725"
"1","
CEMAC.Court.of.Justice                                           "
"1","                  0.000902307"
"1","
Central.American.Court.of.Justice                                "
"1","                  0.002072867"
"1","
COMESA.Court.of.Justice                                          "
"1","                  0.007389163"
"1","
Court.of.Conciliation.and.Arbitration                            "
"1","                  0.032068478"
"1","
General.Court.of.the.European.Union                              "
"1","                  0.031605131"
"1","
Court.of.Justice.of.the.Andean.Community                         "
"1","                  0.005852802"
"1","
Court.of.Justice.of.the.Economic.Community.of.West.African.States"
"1","                  0.012607911"
"1","
Court.of.Justice.of.the.European.Communities                     "
"1","                  0.032775691"
"1","
East.African.Court.of.Justice                                    "
"1","                  0.003511681"
"1","
European.Court.of.Human.Rights                                   "
"1","                  0.038994294"
"1","
European.Free.Trade.Agreement.Court                              "
"1","                  0.003511681"
"1","
Inter.American.Court.of.Human.Rights                             "
"1","                  0.021972394"
"1","
International.Centre.for.Settlement.of.Investment.Disputes       "
"1","                  0.051285178"
"1","
International.Court.of.Justice                                   "
"1","                  0.034287665"
"1","
International.Criminal.Court                                     "
"1","                  0.181436863"
"1","
International.Tribunal.for.the.Law.of.the.Sea                    "
"1","                  0.032117251"
"1","
NAFTA.Dispute.Settlement.Panels                                  "
"1","                  0.003511681"
"1","
OHADA.Common.Court.of.Justice.and.Arbitration                    "
"1","                  0.009998537"
"1","
Permanent.Court.of.Arbitration                                   "
"1","                  0.041457348"
"1","
WAEMU.Court.of.Justice                                           "
"1","                  0.004413988"
"1","
WIPO.Arbitration.and.Mediation.Center                            "
"1","                  0.030507731"
"1","
WTO.Dispute.Settlement.Body...Appellate.Body                     "
"1","                  0.058308540"
"1","
Total                                                            "
"1","                  0.668511925"
"1","
"
"1","                                                                 "
"1"," International.Tribunal.for.the.Law.of.the.Sea"
"1","
X                                                                "
"1","                                            NA"
"1","
African.Court.on.Human.and.Peoples..Rights                       "
"1","                                  0.0015851339"
"1","
Benelux.Court.of.Justice                                         "
"1","                                  0.0026337609"
"1","
Caribbean.Court.of.Justice                                       "
"1","                                 -0.0092669365"
"1","
CEMAC.Court.of.Justice                                           "
"1","                                  0.0043896015"
"1","
Central.American.Court.of.Justice                                "
"1","                                  0.0003170268"
"1","
COMESA.Court.of.Justice                                          "
"1","                                 -0.0031214944"
"1","
Court.of.Conciliation.and.Arbitration                            "
"1","                                  0.0054870019"
"1","
General.Court.of.the.European.Union                              "
"1","                                  0.0237038482"
"1","
Court.of.Justice.of.the.Andean.Community                         "
"1","                                 -0.0104618836"
"1","
Court.of.Justice.of.the.Economic.Community.of.West.African.States"
"1","                                 -0.0016826806"
"1","
Court.of.Justice.of.the.European.Communities                     "
"1","                                  0.0245817685"
"1","
East.African.Court.of.Justice                                    "
"1","                                  0.0026337609"
"1","
European.Court.of.Human.Rights                                   "
"1","                                  0.0255328489"
"1","
European.Free.Trade.Agreement.Court                              "
"1","                                  0.0026337609"
"1","
Inter.American.Court.of.Human.Rights                             "
"1","                                  0.0003901868"
"1","
International.Centre.for.Settlement.of.Investment.Disputes       "
"1","                                  0.0149490318"
"1","
International.Court.of.Justice                                   "
"1","                                  0.0182900063"
"1","
International.Criminal.Court                                     "
"1","                                  0.0321172511"
"1","
International.Tribunal.for.the.Law.of.the.Sea                    "
"1","                                  0.1466126908"
"1","
NAFTA.Dispute.Settlement.Panels                                  "
"1","                                  0.0026337609"
"1","
OHADA.Common.Court.of.Justice.and.Arbitration                    "
"1","                                 -0.0098278301"
"1","
Permanent.Court.of.Arbitration                                   "
"1","                                  0.0459444959"
"1","
WAEMU.Court.of.Justice                                           "
"1","                                 -0.0028776277"
"1","
WIPO.Arbitration.and.Mediation.Center                            "
"1","                                  0.0191679266"
"1","
WTO.Dispute.Settlement.Body...Appellate.Body                     "
"1","                                  0.0301175438"
"1","
Total                                                            "
"1","                                  0.3664829537"
"1","
"
"1","                                                                 "
"1"," NAFTA.Dispute.Settlement.Panels"
"1","
X                                                                "
"1","                              NA"
"1","
African.Court.on.Human.and.Peoples..Rights                       "
"1","                   -0.0021948008"
"1","
Benelux.Court.of.Justice                                         "
"1","                   -0.0002194801"
"1","
Caribbean.Court.of.Justice                                       "
"1","                   -0.0008779203"
"1","
CEMAC.Court.of.Justice                                           "
"1","                   -0.0003658001"
"1","
Central.American.Court.of.Justice                                "
"1","                   -0.0004389602"
"1","
COMESA.Court.of.Justice                                          "
"1","                   -0.0013900405"
"1","
Court.of.Conciliation.and.Arbitration                            "
"1","                    0.0057308687"
"1","
General.Court.of.the.European.Union                              "
"1","                   -0.0019753207"
"1","
Court.of.Justice.of.the.Andean.Community                         "
"1","                   -0.0003658001"
"1","
Court.of.Justice.of.the.Economic.Community.of.West.African.States"
"1","                   -0.0010974004"
"1","
Court.of.Justice.of.the.European.Communities                     "
"1","                   -0.0020484807"
"1","
East.African.Court.of.Justice                                    "
"1","                   -0.0002194801"
"1","
European.Court.of.Human.Rights                                   "
"1","                   -0.0033653612"
"1","
European.Free.Trade.Agreement.Court                              "
"1","                   -0.0002194801"
"1","
Inter.American.Court.of.Human.Rights                             "
"1","                    0.0032678145"
"1","
International.Centre.for.Settlement.of.Investment.Disputes       "
"1","                    0.0032922011"
"1","
International.Court.of.Justice                                   "
"1","                    0.0009510803"
"1","
International.Criminal.Court                                     "
"1","                    0.0035116812"
"1","
International.Tribunal.for.the.Law.of.the.Sea                    "
"1","                    0.0026337609"
"1","
NAFTA.Dispute.Settlement.Panels                                  "
"1","                    0.0146320051"
"1","
OHADA.Common.Court.of.Justice.and.Arbitration                    "
"1","                   -0.0012437204"
"1","
Permanent.Court.of.Arbitration                                   "
"1","                    0.0060722821"
"1","
WAEMU.Court.of.Justice                                           "
"1","                   -0.0005852802"
"1","
WIPO.Arbitration.and.Mediation.Center                            "
"1","                    0.0008779203"
"1","
WTO.Dispute.Settlement.Body...Appellate.Body                     "
"1","                    0.0028532410"
"1","
Total                                                            "
"1","                    0.0272155294"
"1","
"
"1","                                                                 "
"1"," OHADA.Common.Court.of.Justice.and.Arbitration"
"1","
X                                                                "
"1","                                            NA"
"1","
African.Court.on.Human.and.Peoples..Rights                       "
"1","                                   0.046968736"
"1","
Benelux.Court.of.Justice                                         "
"1","                                  -0.001243720"
"1","
Caribbean.Court.of.Justice                                       "
"1","                                  -0.004974882"
"1","
CEMAC.Court.of.Justice                                           "
"1","                                   0.022679608"
"1","
Central.American.Court.of.Justice                                "
"1","                                  -0.002487441"
"1","
COMESA.Court.of.Justice                                          "
"1","                                   0.002024094"
"1","
Court.of.Conciliation.and.Arbitration                            "
"1","                                  -0.023630688"
"1","
General.Court.of.the.European.Union                              "
"1","                                  -0.011193484"
"1","
Court.of.Justice.of.the.Andean.Community                         "
"1","                                  -0.002072867"
"1","
Court.of.Justice.of.the.Economic.Community.of.West.African.States"
"1","                                   0.038335853"
"1","
Court.of.Justice.of.the.European.Communities                     "
"1","                                  -0.011608057"
"1","
East.African.Court.of.Justice                                    "
"1","                                  -0.001243720"
"1","
European.Court.of.Human.Rights                                   "
"1","                                  -0.019070380"
"1","
European.Free.Trade.Agreement.Court                              "
"1","                                  -0.001243720"
"1","
Inter.American.Court.of.Human.Rights                             "
"1","                                  -0.009535190"
"1","
International.Centre.for.Settlement.of.Investment.Disputes       "
"1","                                   0.013705311"
"1","
International.Court.of.Justice                                   "
"1","                                   0.005389455"
"1","
International.Criminal.Court                                     "
"1","                                   0.009998537"
"1","
International.Tribunal.for.the.Law.of.the.Sea                    "
"1","                                  -0.009827830"
"1","
NAFTA.Dispute.Settlement.Panels                                  "
"1","                                  -0.001243720"
"1","
OHADA.Common.Court.of.Justice.and.Arbitration                    "
"1","                                   0.077110667"
"1","
Permanent.Court.of.Arbitration                                   "
"1","                                  -0.020045847"
"1","
WAEMU.Court.of.Justice                                           "
"1","                                   0.036287373"
"1","
WIPO.Arbitration.and.Mediation.Center                            "
"1","                                   0.004974882"
"1","
WTO.Dispute.Settlement.Body...Appellate.Body                     "
"1","                                   0.006267376"
"1","
Total                                                            "
"1","                                   0.144320343"
"1","
"
"1","                                                                 "
"1"," Permanent.Court.of.Arbitration"
"1","
X                                                                "
"1","                             NA"
"1","
African.Court.on.Human.and.Peoples..Rights                       "
"1","                   -0.033336585"
"1","
Benelux.Court.of.Justice                                         "
"1","                    0.006072282"
"1","
Caribbean.Court.of.Justice                                       "
"1","                   -0.020265327"
"1","
CEMAC.Court.of.Justice                                           "
"1","                   -0.009681510"
"1","
Central.American.Court.of.Justice                                "
"1","                    0.012144564"
"1","
COMESA.Court.of.Justice                                          "
"1","                    0.013705311"
"1","
Court.of.Conciliation.and.Arbitration                            "
"1","                    0.051016924"
"1","
General.Court.of.the.European.Union                              "
"1","                    0.054650539"
"1","
Court.of.Justice.of.the.Andean.Community                         "
"1","                    0.010120470"
"1","
Court.of.Justice.of.the.Economic.Community.of.West.African.States"
"1","                   -0.019143540"
"1","
Court.of.Justice.of.the.European.Communities                     "
"1","                    0.056674633"
"1","
East.African.Court.of.Justice                                    "
"1","                    0.001121787"
"1","
European.Court.of.Human.Rights                                   "
"1","                    0.058454860"
"1","
European.Free.Trade.Agreement.Court                              "
"1","                    0.006072282"
"1","
Inter.American.Court.of.Human.Rights                             "
"1","                    0.026752183"
"1","
International.Centre.for.Settlement.of.Investment.Disputes       "
"1","                    0.037628640"
"1","
International.Court.of.Justice                                   "
"1","                    0.013290738"
"1","
International.Criminal.Court                                     "
"1","                    0.041457348"
"1","
International.Tribunal.for.the.Law.of.the.Sea                    "
"1","                    0.045944496"
"1","
NAFTA.Dispute.Settlement.Panels                                  "
"1","                    0.006072282"
"1","
OHADA.Common.Court.of.Justice.and.Arbitration                    "
"1","                   -0.020045847"
"1","
Permanent.Court.of.Arbitration                                   "
"1","                    0.242891284"
"1","
WAEMU.Court.of.Justice                                           "
"1","                   -0.003609228"
"1","
WIPO.Arbitration.and.Mediation.Center                            "
"1","                    0.025215822"
"1","
WTO.Dispute.Settlement.Body...Appellate.Body                     "
"1","                    0.054723699"
"1","
Total                                                            "
"1","                    0.657928108"
"1","
"
"1","                                                                 "
"1"," WAEMU.Court.of.Justice"
"1","
X                                                                "
"1","                     NA"
"1","
African.Court.on.Human.and.Peoples..Rights                       "
"1","           0.0288006633"
"1","
Benelux.Court.of.Justice                                         "
"1","          -0.0005852802"
"1","
Caribbean.Court.of.Justice                                       "
"1","          -0.0023411208"
"1","
CEMAC.Court.of.Justice                                           "
"1","          -0.0009754670"
"1","
Central.American.Court.of.Justice                                "
"1","          -0.0011705604"
"1","
COMESA.Court.of.Justice                                          "
"1","          -0.0037067746"
"1","
Court.of.Conciliation.and.Arbitration                            "
"1","          -0.0111203239"
"1","
General.Court.of.the.European.Union                              "
"1","          -0.0052675218"
"1","
Court.of.Justice.of.the.Andean.Community                         "
"1","          -0.0009754670"
"1","
Court.of.Justice.of.the.Economic.Community.of.West.African.States"
"1","           0.0366775594"
"1","
Court.of.Justice.of.the.European.Communities                     "
"1","          -0.0054626152"
"1","
East.African.Court.of.Justice                                    "
"1","          -0.0005852802"
"1","
European.Court.of.Human.Rights                                   "
"1","          -0.0089742964"
"1","
European.Free.Trade.Agreement.Court                              "
"1","          -0.0005852802"
"1","
Inter.American.Court.of.Human.Rights                             "
"1","          -0.0044871482"
"1","
International.Centre.for.Settlement.of.Investment.Disputes       "
"1","           0.0087792030"
"1","
International.Court.of.Justice                                   "
"1","           0.0025362142"
"1","
International.Criminal.Court                                     "
"1","           0.0044139882"
"1","
International.Tribunal.for.the.Law.of.the.Sea                    "
"1","          -0.0028776277"
"1","
NAFTA.Dispute.Settlement.Panels                                  "
"1","          -0.0005852802"
"1","
OHADA.Common.Court.of.Justice.and.Arbitration                    "
"1","           0.0362873726"
"1","
Permanent.Court.of.Arbitration                                   "
"1","          -0.0036092279"
"1","
WAEMU.Court.of.Justice                                           "
"1","           0.0380432132"
"1","
WIPO.Arbitration.and.Mediation.Center                            "
"1","           0.0023411208"
"1","
WTO.Dispute.Settlement.Body...Appellate.Body                     "
"1","           0.0076086426"
"1","
Total                                                            "
"1","           0.1121787056"
"1","
"
"1","                                                                 "
"1"," WIPO.Arbitration.and.Mediation.Center"
"1","
X                                                                "
"1","                                    NA"
"1","
African.Court.on.Human.and.Peoples..Rights                       "
"1","                          0.0038287080"
"1","
Benelux.Court.of.Justice                                         "
"1","                          0.0008779203"
"1","
Caribbean.Court.of.Justice                                       "
"1","                          0.0035116812"
"1","
CEMAC.Court.of.Justice                                           "
"1","                          0.0014632005"
"1","
Central.American.Court.of.Justice                                "
"1","                          0.0017558406"
"1","
COMESA.Court.of.Justice                                          "
"1","                          0.0055601619"
"1","
Court.of.Conciliation.and.Arbitration                            "
"1","                          0.0166804858"
"1","
General.Court.of.the.European.Union                              "
"1","                          0.0079012827"
"1","
Court.of.Justice.of.the.Andean.Community                         "
"1","                          0.0014632005"
"1","
Court.of.Justice.of.the.Economic.Community.of.West.African.States"
"1","                          0.0043896015"
"1","
Court.of.Justice.of.the.European.Communities                     "
"1","                          0.0081939228"
"1","
East.African.Court.of.Justice                                    "
"1","                          0.0008779203"
"1","
European.Court.of.Human.Rights                                   "
"1","                          0.0134614447"
"1","
European.Free.Trade.Agreement.Court                              "
"1","                          0.0008779203"
"1","
Inter.American.Court.of.Human.Rights                             "
"1","                          0.0067307223"
"1","
International.Centre.for.Settlement.of.Investment.Disputes       "
"1","                          0.0214846608"
"1","
International.Court.of.Justice                                   "
"1","                          0.0308491440"
"1","
International.Criminal.Court                                     "
"1","                          0.0305077306"
"1","
International.Tribunal.for.the.Law.of.the.Sea                    "
"1","                          0.0191679266"
"1","
NAFTA.Dispute.Settlement.Panels                                  "
"1","                          0.0008779203"
"1","
OHADA.Common.Court.of.Justice.and.Arbitration                    "
"1","                          0.0049748817"
"1","
Permanent.Court.of.Arbitration                                   "
"1","                          0.0252158221"
"1","
WAEMU.Court.of.Justice                                           "
"1","                          0.0023411208"
"1","
WIPO.Arbitration.and.Mediation.Center                            "
"1","                          0.0558942594"
"1","
WTO.Dispute.Settlement.Body...Appellate.Body                     "
"1","                          0.0232405014"
"1","
Total                                                            "
"1","                          0.2921279813"
"1","
"
"1","                                                                 "
"1"," WTO.Dispute.Settlement.Body...Appellate.Body"
"1","
X                                                                "
"1","                                           NA"
"1","
African.Court.on.Human.and.Peoples..Rights                       "
"1","                                 0.0087304297"
"1","
Benelux.Court.of.Justice                                         "
"1","                                 0.0028532410"
"1","
Caribbean.Court.of.Justice                                       "
"1","                                 0.0114129640"
"1","
CEMAC.Court.of.Justice                                           "
"1","                                -0.0001950934"
"1","
Central.American.Court.of.Justice                                "
"1","                                 0.0057064820"
"1","
COMESA.Court.of.Justice                                          "
"1","                                -0.0066819490"
"1","
Court.of.Conciliation.and.Arbitration                            "
"1","                                 0.0047066283"
"1","
General.Court.of.the.European.Union                              "
"1","                                 0.0256791689"
"1","
Court.of.Justice.of.the.Andean.Community                         "
"1","                                 0.0047554016"
"1","
Court.of.Justice.of.the.Economic.Community.of.West.African.States"
"1","                                 0.0142662049"
"1","
Court.of.Justice.of.the.European.Communities                     "
"1","                                 0.0266302492"
"1","
East.African.Court.of.Justice                                    "
"1","                                 0.0028532410"
"1","
European.Court.of.Human.Rights                                   "
"1","                                 0.0140467249"
"1","
European.Free.Trade.Agreement.Court                              "
"1","                                 0.0028532410"
"1","
Inter.American.Court.of.Human.Rights                             "
"1","                                 0.0218748476"
"1","
International.Centre.for.Settlement.of.Investment.Disputes       "
"1","                                 0.0512607911"
"1","
International.Court.of.Justice                                   "
"1","                                 0.0173389260"
"1","
International.Criminal.Court                                     "
"1","                                 0.0583085402"
"1","
International.Tribunal.for.the.Law.of.the.Sea                    "
"1","                                 0.0301175438"
"1","
NAFTA.Dispute.Settlement.Panels                                  "
"1","                                 0.0028532410"
"1","
OHADA.Common.Court.of.Justice.and.Arbitration                    "
"1","                                 0.0062673755"
"1","
Permanent.Court.of.Arbitration                                   "
"1","                                 0.0547236990"
"1","
WAEMU.Court.of.Justice                                           "
"1","                                 0.0076086426"
"1","
WIPO.Arbitration.and.Mediation.Center                            "
"1","                                 0.0232405014"
"1","
WTO.Dispute.Settlement.Body...Appellate.Body                     "
"1","                                 0.1559771741"
"1","
Total                                                            "
"1","                                 0.5471882164"
"1","
"
"1","                                                                 "
"1","        Total"
"1","
X                                                                "
"1","           NA"
"1","
African.Court.on.Human.and.Peoples..Rights                       "
"1","  0.153343413"
"1","
Benelux.Court.of.Justice                                         "
"1","  0.071769985"
"1","
Caribbean.Court.of.Justice                                       "
"1"," -0.004999268"
"1","
CEMAC.Court.of.Justice                                           "
"1","  0.030507731"
"1","
Central.American.Court.of.Justice                                "
"1","  0.044530069"
"1","
COMESA.Court.of.Justice                                          "
"1","  0.033751158"
"1","
Court.of.Conciliation.and.Arbitration                            "
"1","  0.541847535"
"1","
General.Court.of.the.European.Union                              "
"1","  0.517216993"
"1","
Court.of.Justice.of.the.Andean.Community                         "
"1","  0.010705750"
"1","
Court.of.Justice.of.the.Economic.Community.of.West.African.States"
"1","  0.126176657"
"1","
Court.of.Justice.of.the.European.Communities                     "
"1","  0.531239331"
"1","
East.African.Court.of.Justice                                    "
"1","  0.032166024"
"1","
European.Court.of.Human.Rights                                   "
"1","  0.600473101"
"1","
European.Free.Trade.Agreement.Court                              "
"1","  0.037116520"
"1","
Inter.American.Court.of.Human.Rights                             "
"1","  0.104691996"
"1","
International.Centre.for.Settlement.of.Investment.Disputes       "
"1","  0.567014583"
"1","
International.Court.of.Justice                                   "
"1","  0.273155148"
"1","
International.Criminal.Court                                     "
"1","  0.668511925"
"1","
International.Tribunal.for.the.Law.of.the.Sea                    "
"1","  0.366482954"
"1","
NAFTA.Dispute.Settlement.Panels                                  "
"1","  0.027215529"
"1","
OHADA.Common.Court.of.Justice.and.Arbitration                    "
"1","  0.144320343"
"1","
Permanent.Court.of.Arbitration                                   "
"1","  0.657928108"
"1","
WAEMU.Court.of.Justice                                           "
"1","  0.112178706"
"1","
WIPO.Arbitration.and.Mediation.Center                            "
"1","  0.292127981"
"1","
WTO.Dispute.Settlement.Body...Appellate.Body                     "
"1","  0.547188216"
"1","
Total                                                            "
"1","  6.486660489"
"1","
"
